Sam=same
Marc=marque
Tom=tomme
Mohamed=moamaide
Raphaèl
Raphael=raphaèle
Paul=peaule

Ethan=étane
Rayan=rayane
Yanis=yanisse
Mathis=matisse
Noah=no a
David=davide
Eliott=éliote
Aaron=arone
Elias=éliasse
William=williame
Félix=félixe
Felix=félixe
Ruben=rubène
Maèl=maèle
Mael=maèl
Kévin=kévine
Kevin=kévine
Medhi=médhi
Liam=liame
Noam=noame
Evan=évane
Mathias=ma tiasse
Isaac=isaque
Ibrahim=ibrahime
Emile=émile
Elie=élie
Rayane=ra yane
Eliana=éliana
Thibault=tibo

